-- MySQL Script generated by MySQL Workbench
-- Tue Dec  1 10:02:02 2020
-- Model: New Model    Version: 1.0
-- MySQL Workbench Forward Engineering

SET @OLD_UNIQUE_CHECKS=@@UNIQUE_CHECKS, UNIQUE_CHECKS=0;
SET @OLD_FOREIGN_KEY_CHECKS=@@FOREIGN_KEY_CHECKS, FOREIGN_KEY_CHECKS=0;
SET @OLD_SQL_MODE=@@SQL_MODE, SQL_MODE='ONLY_FULL_GROUP_BY,STRICT_TRANS_TABLES,NO_ZERO_IN_DATE,NO_ZERO_DATE,ERROR_FOR_DIVISION_BY_ZERO,NO_ENGINE_SUBSTITUTION';

-- -----------------------------------------------------
-- Schema HyperPlanning
-- -----------------------------------------------------
DROP SCHEMA IF EXISTS `HyperPlanning` ;

-- -----------------------------------------------------
-- Schema HyperPlanning
-- -----------------------------------------------------
CREATE SCHEMA IF NOT EXISTS `HyperPlanning` ;
USE `HyperPlanning` ;

-- -----------------------------------------------------
-- Table `HyperPlanning`.`user`
-- -----------------------------------------------------
DROP TABLE IF EXISTS `HyperPlanning`.`user` ;

CREATE TABLE IF NOT EXISTS `HyperPlanning`.`user` (
  `idUser` VARCHAR(16) NOT NULL,
  `email` VARCHAR(255) NULL,
  `password` VARCHAR(32) NOT NULL,
  `last_name` VARCHAR(45) NOT NULL,
  `first_name` VARCHAR(45) NOT NULL,
  `permission` ENUM('ADMIN', 'EDUCATIONAL REFERENT', 'TEACHER', 'STUDENT') NULL,
  PRIMARY KEY (`idUser`));

CREATE INDEX `LAST_NAME_IDX` ON `HyperPlanning`.`user` (`last_name` ASC) VISIBLE;

CREATE INDEX `FIRST_NAME_IDX` ON `HyperPlanning`.`user` (`first_name` ASC) VISIBLE;


-- -----------------------------------------------------
-- Table `HyperPlanning`.`promotion`
-- -----------------------------------------------------
DROP TABLE IF EXISTS `HyperPlanning`.`promotion` ;

CREATE TABLE IF NOT EXISTS `HyperPlanning`.`promotion` (
  `idPromotion` VARCHAR(45) NOT NULL,
  `name` VARCHAR(45) NOT NULL,
  PRIMARY KEY (`idPromotion`))
ENGINE = InnoDB;


-- -----------------------------------------------------
-- Table `HyperPlanning`.`group_promotion`
-- -----------------------------------------------------
DROP TABLE IF EXISTS `HyperPlanning`.`group_promotion` ;

CREATE TABLE IF NOT EXISTS `HyperPlanning`.`group_promotion` (
  `idGroupPromotion` VARCHAR(45) NOT NULL,
  `name` VARCHAR(45) NULL,
  `id_promotion` VARCHAR(45) NULL,
  PRIMARY KEY (`idGroupPromotion`),
  CONSTRAINT `id`
    FOREIGN KEY (`id_promotion`)
    REFERENCES `HyperPlanning`.`promotion` (`idPromotion`)
    ON DELETE NO ACTION
    ON UPDATE NO ACTION)
ENGINE = InnoDB;

CREATE INDEX `id_idx` ON `HyperPlanning`.`group_promotion` (`id_promotion` ASC) VISIBLE;


-- -----------------------------------------------------
-- Table `HyperPlanning`.`student`
-- -----------------------------------------------------
DROP TABLE IF EXISTS `HyperPlanning`.`student` ;

CREATE TABLE IF NOT EXISTS `HyperPlanning`.`student` (
  `id_UserS` VARCHAR(45) NOT NULL,
  `number` VARCHAR(45) NULL,
  `id_group_promotionS` VARCHAR(45) NULL,
  PRIMARY KEY (`id_UserS`),
  CONSTRAINT `id_UserS`
    FOREIGN KEY (`id_UserS`)
    REFERENCES `HyperPlanning`.`user` (`idUser`)
    ON DELETE NO ACTION
    ON UPDATE NO ACTION,
  CONSTRAINT `id_group_promotionS`
    FOREIGN KEY (`id_group_promotionS`)
    REFERENCES `HyperPlanning`.`group_promotion` (`idGroupPromotion`)
    ON DELETE NO ACTION
    ON UPDATE NO ACTION)
ENGINE = InnoDB;

CREATE INDEX `id_group_promotion_idx` ON `HyperPlanning`.`student` (`id_group_promotionS` ASC) VISIBLE;


-- -----------------------------------------------------
-- Table `HyperPlanning`.`course`
-- -----------------------------------------------------
DROP TABLE IF EXISTS `HyperPlanning`.`course` ;

CREATE TABLE IF NOT EXISTS `HyperPlanning`.`course` (
  `idCourse` VARCHAR(45) NOT NULL,
  `name` VARCHAR(45) NULL,
  PRIMARY KEY (`idCourse`))
ENGINE = InnoDB;


-- -----------------------------------------------------
-- Table `HyperPlanning`.`type_course`
-- -----------------------------------------------------
DROP TABLE IF EXISTS `HyperPlanning`.`type_course` ;

CREATE TABLE IF NOT EXISTS `HyperPlanning`.`type_course` (
  `idType_course` VARCHAR(45) NOT NULL,
  `name` VARCHAR(45) NULL,
  PRIMARY KEY (`idType_course`))
ENGINE = InnoDB;


-- -----------------------------------------------------
-- Table `HyperPlanning`.`teacher`
-- -----------------------------------------------------
DROP TABLE IF EXISTS `HyperPlanning`.`teacher` ;

CREATE TABLE IF NOT EXISTS `HyperPlanning`.`teacher` (
  `id_UserT` VARCHAR(45) NOT NULL,
  `id_CourseT` VARCHAR(45) NOT NULL,
  PRIMARY KEY (`id_CourseT`, `id_UserT`),
  CONSTRAINT `id_UserT`
    FOREIGN KEY (`id_UserT`)
    REFERENCES `HyperPlanning`.`user` (`idUser`)
    ON DELETE NO ACTION
    ON UPDATE NO ACTION,
  CONSTRAINT `id_CourseT`
    FOREIGN KEY (`id_CourseT`)
    REFERENCES `HyperPlanning`.`course` (`idCourse`)
    ON DELETE NO ACTION
    ON UPDATE NO ACTION)
ENGINE = InnoDB;


-- -----------------------------------------------------
-- Table `HyperPlanning`.`site`
-- -----------------------------------------------------
DROP TABLE IF EXISTS `HyperPlanning`.`site` ;

CREATE TABLE IF NOT EXISTS `HyperPlanning`.`site` (
  `idSite` VARCHAR(45) NOT NULL,
  `name` VARCHAR(45) NULL,
  PRIMARY KEY (`idSite`))
ENGINE = InnoDB;

CREATE INDEX `NAME_IDX` ON `HyperPlanning`.`site` (`name` ASC) VISIBLE;


-- -----------------------------------------------------
-- Table `HyperPlanning`.`room`
-- -----------------------------------------------------
DROP TABLE IF EXISTS `HyperPlanning`.`room` ;

CREATE TABLE IF NOT EXISTS `HyperPlanning`.`room` (
  `idRoom` VARCHAR(45) NOT NULL,
  `name` VARCHAR(45) NULL,
  `capacity` INT NULL,
  `id_site` VARCHAR(45) NULL,
  PRIMARY KEY (`idRoom`),
  CONSTRAINT `id_site`
    FOREIGN KEY (`id_site`)
    REFERENCES `HyperPlanning`.`site` (`idSite`)
    ON DELETE NO ACTION
    ON UPDATE NO ACTION)
ENGINE = InnoDB;

CREATE INDEX `id_site_idx` ON `HyperPlanning`.`room` (`id_site` ASC) VISIBLE;

CREATE INDEX `CAPACITY_IDX` ON `HyperPlanning`.`room` (`capacity` ASC) INVISIBLE;

CREATE INDEX `NAME_IDX` ON `HyperPlanning`.`room` (`name` ASC) VISIBLE;


-- -----------------------------------------------------
-- Table `HyperPlanning`.`session`
-- -----------------------------------------------------
DROP TABLE IF EXISTS `HyperPlanning`.`session` ;

CREATE TABLE IF NOT EXISTS `HyperPlanning`.`session` (
  `idSession` VARCHAR(45) NOT NULL,
  `week` INT NULL,
  `date` DATE NULL,
  `start_time` TIME NULL,
  `end_time` TIME NULL,
  `state` ENUM('IN PROCESS', 'VALIDATED', 'CANCELED') NULL,
  `id_course` VARCHAR(45) NULL,
  `id_type` VARCHAR(45) NULL,
  PRIMARY KEY (`idSession`),
  CONSTRAINT `id_course`
    FOREIGN KEY (`id_course`)
    REFERENCES `HyperPlanning`.`course` (`idCourse`)
    ON DELETE NO ACTION
    ON UPDATE NO ACTION,
  CONSTRAINT `id_type`
    FOREIGN KEY (`id_type`)
    REFERENCES `HyperPlanning`.`type_course` (`idType_course`)
    ON DELETE NO ACTION
    ON UPDATE NO ACTION)
ENGINE = InnoDB;

CREATE INDEX `id_course_idx` ON `HyperPlanning`.`session` (`id_course` ASC) VISIBLE;

CREATE INDEX `id_type_idx` ON `HyperPlanning`.`session` (`id_type` ASC) VISIBLE;

CREATE INDEX `WEEK_IDX` ON `HyperPlanning`.`session` (`week` ASC) VISIBLE;


-- -----------------------------------------------------
-- Table `HyperPlanning`.`groups_session`
-- -----------------------------------------------------
DROP TABLE IF EXISTS `HyperPlanning`.`groups_session` ;

CREATE TABLE IF NOT EXISTS `HyperPlanning`.`groups_session` (
  `id_SessionGS` VARCHAR(45) NOT NULL,
  `id_GroupGS` VARCHAR(45) NOT NULL,
  PRIMARY KEY (`id_SessionGS`, `id_GroupGS`),
  CONSTRAINT `id_Session`
    FOREIGN KEY (`id_SessionGS`)
    REFERENCES `HyperPlanning`.`session` (`idSession`)
    ON DELETE NO ACTION
    ON UPDATE NO ACTION,
  CONSTRAINT `id_Group`
    FOREIGN KEY (`id_GroupGS`)
    REFERENCES `HyperPlanning`.`group_promotion` (`idGroupPromotion`)
    ON DELETE NO ACTION
    ON UPDATE NO ACTION)
ENGINE = InnoDB;

CREATE INDEX `id_Group_idx` ON `HyperPlanning`.`groups_session` (`id_GroupGS` ASC) VISIBLE;


-- -----------------------------------------------------
-- Table `HyperPlanning`.`teachers_session`
-- -----------------------------------------------------
DROP TABLE IF EXISTS `HyperPlanning`.`teachers_session` ;

CREATE TABLE IF NOT EXISTS `HyperPlanning`.`teachers_session` (
  `id_SessionTS` VARCHAR(45) NOT NULL,
  `id_TeacherTS` VARCHAR(45) NOT NULL,
  PRIMARY KEY (`id_SessionTS`, `id_TeacherTS`),
  CONSTRAINT `id_SessionTS`
    FOREIGN KEY (`id_SessionTS`)
    REFERENCES `HyperPlanning`.`session` (`idSession`)
    ON DELETE NO ACTION
    ON UPDATE NO ACTION,
  CONSTRAINT `id_TeacherTS`
    FOREIGN KEY (`id_TeacherTS`)
    REFERENCES `HyperPlanning`.`teacher` (`id_UserT`)
    ON DELETE NO ACTION
    ON UPDATE NO ACTION)
ENGINE = InnoDB;

CREATE INDEX `id_Teacher_idx` ON `HyperPlanning`.`teachers_session` (`id_TeacherTS` ASC) VISIBLE;


-- -----------------------------------------------------
-- Table `HyperPlanning`.`rooms_session`
-- -----------------------------------------------------
DROP TABLE IF EXISTS `HyperPlanning`.`rooms_session` ;

CREATE TABLE IF NOT EXISTS `HyperPlanning`.`rooms_session` (
  `id_SessionRS` VARCHAR(45) NOT NULL,
  `id_RoomRS` VARCHAR(45) NOT NULL,
  PRIMARY KEY (`id_SessionRS`, `id_RoomRS`),
  CONSTRAINT `id_SessionRS`
    FOREIGN KEY (`id_SessionRS`)
    REFERENCES `HyperPlanning`.`session` (`idSession`)
    ON DELETE NO ACTION
    ON UPDATE NO ACTION,
  CONSTRAINT `id_RoomRS`
    FOREIGN KEY (`id_RoomRS`)
    REFERENCES `HyperPlanning`.`room` (`idRoom`)
    ON DELETE NO ACTION
    ON UPDATE NO ACTION)
ENGINE = InnoDB;

CREATE INDEX `id_Room_idx` ON `HyperPlanning`.`rooms_session` (`id_RoomRS` ASC) VISIBLE;


SET SQL_MODE=@OLD_SQL_MODE;
SET FOREIGN_KEY_CHECKS=@OLD_FOREIGN_KEY_CHECKS;
SET UNIQUE_CHECKS=@OLD_UNIQUE_CHECKS;

-- -----------------------------------------------------
-- Data for table `HyperPlanning`.`user`
-- -----------------------------------------------------
START TRANSACTION;
USE `HyperPlanning`;
INSERT INTO `HyperPlanning`.`user` (`idUser`, `email`, `password`, `last_name`, `first_name`, `permission`) VALUES ('0001', 'ab@ece.fr', 'mdp0001', 'BERIN', 'Albert', 'ADMIN');
INSERT INTO `HyperPlanning`.`user` (`idUser`, `email`, `password`, `last_name`, `first_name`, `permission`) VALUES ('0002', 'sp@ece.fr', 'mdp0002', 'PELA', 'Salome', 'EDUCATIONAL REFERENT');
INSERT INTO `HyperPlanning`.`user` (`idUser`, `email`, `password`, `last_name`, `first_name`, `permission`) VALUES ('0003', 'tb@ece.fr', 'mdp0003', 'BROLUT', 'Thomas', 'TEACHER');
INSERT INTO `HyperPlanning`.`user` (`idUser`, `email`, `password`, `last_name`, `first_name`, `permission`) VALUES ('0004', 're@ece.fr', 'mdp0004', 'EIB', 'Rachid', 'TEACHER');
INSERT INTO `HyperPlanning`.`user` (`idUser`, `email`, `password`, `last_name`, `first_name`, `permission`) VALUES ('0005', 'rm@ece.fr', 'mdp0005', 'MALRAUT', 'René', 'TEACHER');
INSERT INTO `HyperPlanning`.`user` (`idUser`, `email`, `password`, `last_name`, `first_name`, `permission`) VALUES ('0006', 'ct@ece.fr', 'mdp0006', 'TELON', 'Christophe', 'STUDENT');
INSERT INTO `HyperPlanning`.`user` (`idUser`, `email`, `password`, `last_name`, `first_name`, `permission`) VALUES ('0007', 'qa@ece.fr', 'mdp0007', 'ALAFU', 'Quentin', 'STUDENT');
INSERT INTO `HyperPlanning`.`user` (`idUser`, `email`, `password`, `last_name`, `first_name`, `permission`) VALUES ('0008', 'wb@ece.fr', 'mdp0008', 'BILE', 'William', 'STUDENT');
INSERT INTO `HyperPlanning`.`user` (`idUser`, `email`, `password`, `last_name`, `first_name`, `permission`) VALUES ('0009', 'mc@ece.fr', 'mdp0009', 'CHACU', 'Moussa', 'STUDENT');
INSERT INTO `HyperPlanning`.`user` (`idUser`, `email`, `password`, `last_name`, `first_name`, `permission`) VALUES ('0010', 'od@ece.fr', 'mdp0010', 'DEKARGLACE', 'Olivier', 'STUDENT');
INSERT INTO `HyperPlanning`.`user` (`idUser`, `email`, `password`, `last_name`, `first_name`, `permission`) VALUES ('0011', 'at@ece.fr', 'mdp0011', 'TROIJOURRE', 'Adam', 'STUDENT');
INSERT INTO `HyperPlanning`.`user` (`idUser`, `email`, `password`, `last_name`, `first_name`, `permission`) VALUES ('0012', 'gy@ece.fr', 'mdp0012', 'YOTINE', 'Guy', 'STUDENT');
INSERT INTO `HyperPlanning`.`user` (`idUser`, `email`, `password`, `last_name`, `first_name`, `permission`) VALUES ('0013', 'hd@ece.fr', 'mdp0013', 'DUPRESSING', 'Henry', 'STUDENT');
INSERT INTO `HyperPlanning`.`user` (`idUser`, `email`, `password`, `last_name`, `first_name`, `permission`) VALUES ('0014', 'lb@ece.fr', 'mdp0014', 'BRILLE', 'Laure', 'STUDENT');
INSERT INTO `HyperPlanning`.`user` (`idUser`, `email`, `password`, `last_name`, `first_name`, `permission`) VALUES ('0015', 'sq@ece.fr', 'mdp0015', 'QUILO', 'Sandy', 'STUDENT');
INSERT INTO `HyperPlanning`.`user` (`idUser`, `email`, `password`, `last_name`, `first_name`, `permission`) VALUES ('0016', 'so@ece.fr', 'mdp0016', 'OIN', 'Serge', 'STUDENT');
INSERT INTO `HyperPlanning`.`user` (`idUser`, `email`, `password`, `last_name`, `first_name`, `permission`) VALUES ('0017', 'ez@ece.fr', 'mdp0017', 'ZION', 'Eva', 'STUDENT');
INSERT INTO `HyperPlanning`.`user` (`idUser`, `email`, `password`, `last_name`, `first_name`, `permission`) VALUES ('0018', 'ah@ece.fr', 'mdp0018', 'HEANTIE', 'Anne', 'STUDENT');
INSERT INTO `HyperPlanning`.`user` (`idUser`, `email`, `password`, `last_name`, `first_name`, `permission`) VALUES ('0019', 'bp@ece.fr', 'mdp0019', 'PALI', 'Bernard', 'TEACHER');
INSERT INTO `HyperPlanning`.`user` (`idUser`, `email`, `password`, `last_name`, `first_name`, `permission`) VALUES ('0020', 'zj@ece.fr', 'mdp0020', 'JECER', 'Zak', 'TEACHER');
INSERT INTO `HyperPlanning`.`user` (`idUser`, `email`, `password`, `last_name`, `first_name`, `permission`) VALUES ('0021', 'fd@ece.fr', 'mdp0021', 'DABLO', 'Fabienne', 'TEACHER');
INSERT INTO `HyperPlanning`.`user` (`idUser`, `email`, `password`, `last_name`, `first_name`, `permission`) VALUES ('0022', 'mq@ece.fr', 'mdp0022', 'QUESSI', 'Myreille', 'TEACHER');
INSERT INTO `HyperPlanning`.`user` (`idUser`, `email`, `password`, `last_name`, `first_name`, `permission`) VALUES ('0023', 'vu@ece.fr', 'mdp0023', 'ULANDE', 'Virginie', 'TEACHER');

COMMIT;


-- -----------------------------------------------------
-- Data for table `HyperPlanning`.`promotion`
-- -----------------------------------------------------
START TRANSACTION;
USE `HyperPlanning`;
INSERT INTO `HyperPlanning`.`promotion` (`idPromotion`, `name`) VALUES ('ING1', 'First year');
INSERT INTO `HyperPlanning`.`promotion` (`idPromotion`, `name`) VALUES ('ING2', 'Second year');
INSERT INTO `HyperPlanning`.`promotion` (`idPromotion`, `name`) VALUES ('ING3', 'Third year');

COMMIT;


-- -----------------------------------------------------
-- Data for table `HyperPlanning`.`group_promotion`
-- -----------------------------------------------------
START TRANSACTION;
USE `HyperPlanning`;
INSERT INTO `HyperPlanning`.`group_promotion` (`idGroupPromotion`, `name`, `id_promotion`) VALUES ('ING1GR1', 'First year group 1', 'ING1');
INSERT INTO `HyperPlanning`.`group_promotion` (`idGroupPromotion`, `name`, `id_promotion`) VALUES ('ING1GR2', 'First year group 2', 'ING1');
INSERT INTO `HyperPlanning`.`group_promotion` (`idGroupPromotion`, `name`, `id_promotion`) VALUES ('ING2GR1', 'Second year group 1', 'ING2');
INSERT INTO `HyperPlanning`.`group_promotion` (`idGroupPromotion`, `name`, `id_promotion`) VALUES ('ING2GR2', 'Second year group 2', 'ING2');
INSERT INTO `HyperPlanning`.`group_promotion` (`idGroupPromotion`, `name`, `id_promotion`) VALUES ('ING3GR1', 'Third year group 1', 'ING3');
INSERT INTO `HyperPlanning`.`group_promotion` (`idGroupPromotion`, `name`, `id_promotion`) VALUES ('ING3GR2', 'Third year group 2', 'ING3');

COMMIT;


-- -----------------------------------------------------
-- Data for table `HyperPlanning`.`student`
-- -----------------------------------------------------
START TRANSACTION;
USE `HyperPlanning`;
INSERT INTO `HyperPlanning`.`student` (`id_UserS`, `number`, `id_group_promotionS`) VALUES ('0007', '1', 'ING1GR1');
INSERT INTO `HyperPlanning`.`student` (`id_UserS`, `number`, `id_group_promotionS`) VALUES ('0008', '2', 'ING1GR1');
INSERT INTO `HyperPlanning`.`student` (`id_UserS`, `number`, `id_group_promotionS`) VALUES ('0009', '3', 'ING1GR2');
INSERT INTO `HyperPlanning`.`student` (`id_UserS`, `number`, `id_group_promotionS`) VALUES ('0010', '4', 'ING1GR2');
INSERT INTO `HyperPlanning`.`student` (`id_UserS`, `number`, `id_group_promotionS`) VALUES ('0011', '5', 'ING2GR1');
INSERT INTO `HyperPlanning`.`student` (`id_UserS`, `number`, `id_group_promotionS`) VALUES ('0012', '6', 'ING2GR1');
INSERT INTO `HyperPlanning`.`student` (`id_UserS`, `number`, `id_group_promotionS`) VALUES ('0013', '7', 'ING2GR2');
INSERT INTO `HyperPlanning`.`student` (`id_UserS`, `number`, `id_group_promotionS`) VALUES ('0014', '8', 'ING2GR2');
INSERT INTO `HyperPlanning`.`student` (`id_UserS`, `number`, `id_group_promotionS`) VALUES ('0015', '9', 'ING3GR1');
INSERT INTO `HyperPlanning`.`student` (`id_UserS`, `number`, `id_group_promotionS`) VALUES ('0016', '10', 'ING3GR1');
INSERT INTO `HyperPlanning`.`student` (`id_UserS`, `number`, `id_group_promotionS`) VALUES ('0017', '11', 'ING3GR2');
INSERT INTO `HyperPlanning`.`student` (`id_UserS`, `number`, `id_group_promotionS`) VALUES ('0018', '12', 'ING3GR2');

COMMIT;


-- -----------------------------------------------------
-- Data for table `HyperPlanning`.`course`
-- -----------------------------------------------------
START TRANSACTION;
USE `HyperPlanning`;
INSERT INTO `HyperPlanning`.`course` (`idCourse`, `name`) VALUES ('MATH', 'Mathematics');
INSERT INTO `HyperPlanning`.`course` (`idCourse`, `name`) VALUES ('PHYS', 'Physics');
INSERT INTO `HyperPlanning`.`course` (`idCourse`, `name`) VALUES ('COSC', 'Computer Science');

COMMIT;


-- -----------------------------------------------------
-- Data for table `HyperPlanning`.`type_course`
-- -----------------------------------------------------
START TRANSACTION;
USE `HyperPlanning`;
INSERT INTO `HyperPlanning`.`type_course` (`idType_course`, `name`) VALUES ('PA', 'partial');
INSERT INTO `HyperPlanning`.`type_course` (`idType_course`, `name`) VALUES ('SD', 'supervised duty');
INSERT INTO `HyperPlanning`.`type_course` (`idType_course`, `name`) VALUES ('LE', 'lectures');
INSERT INTO `HyperPlanning`.`type_course` (`idType_course`, `name`) VALUES ('OC', 'online courses');
INSERT INTO `HyperPlanning`.`type_course` (`idType_course`, `name`) VALUES ('PW', 'practical work');
INSERT INTO `HyperPlanning`.`type_course` (`idType_course`, `name`) VALUES ('DW', 'directed work');

COMMIT;


-- -----------------------------------------------------
-- Data for table `HyperPlanning`.`teacher`
-- -----------------------------------------------------
START TRANSACTION;
USE `HyperPlanning`;
INSERT INTO `HyperPlanning`.`teacher` (`id_UserT`, `id_CourseT`) VALUES ('0003', 'MATH');
INSERT INTO `HyperPlanning`.`teacher` (`id_UserT`, `id_CourseT`) VALUES ('0004', 'PHYS');
INSERT INTO `HyperPlanning`.`teacher` (`id_UserT`, `id_CourseT`) VALUES ('0005', 'COSC');
INSERT INTO `HyperPlanning`.`teacher` (`id_UserT`, `id_CourseT`) VALUES ('0019', 'MATH');
INSERT INTO `HyperPlanning`.`teacher` (`id_UserT`, `id_CourseT`) VALUES ('0020', 'MATH');
INSERT INTO `HyperPlanning`.`teacher` (`id_UserT`, `id_CourseT`) VALUES ('0021', 'PHYS');
INSERT INTO `HyperPlanning`.`teacher` (`id_UserT`, `id_CourseT`) VALUES ('0022', 'PHYS');
INSERT INTO `HyperPlanning`.`teacher` (`id_UserT`, `id_CourseT`) VALUES ('0023', 'COSC');

COMMIT;


-- -----------------------------------------------------
-- Data for table `HyperPlanning`.`site`
-- -----------------------------------------------------
START TRANSACTION;
USE `HyperPlanning`;
INSERT INTO `HyperPlanning`.`site` (`idSite`, `name`) VALUES ('SFO', 'San Francisco');
INSERT INTO `HyperPlanning`.`site` (`idSite`, `name`) VALUES ('LYO', 'Lyon');
INSERT INTO `HyperPlanning`.`site` (`idSite`, `name`) VALUES ('SIN', 'Singapore');

COMMIT;


-- -----------------------------------------------------
-- Data for table `HyperPlanning`.`room`
-- -----------------------------------------------------
START TRANSACTION;
USE `HyperPlanning`;
INSERT INTO `HyperPlanning`.`room` (`idRoom`, `name`, `capacity`, `id_site`) VALUES ('LAB1', 'Laboratory L', 20, 'LYO');
INSERT INTO `HyperPlanning`.`room` (`idRoom`, `name`, `capacity`, `id_site`) VALUES ('LAB2', 'Laboratory SF', 20, 'SFO');
INSERT INTO `HyperPlanning`.`room` (`idRoom`, `name`, `capacity`, `id_site`) VALUES ('AMPHI1', 'Amphitheater L', 100, 'LYO');
INSERT INTO `HyperPlanning`.`room` (`idRoom`, `name`, `capacity`, `id_site`) VALUES ('AMPHI2', 'Amphitheater S', 120, 'SIN');
INSERT INTO `HyperPlanning`.`room` (`idRoom`, `name`, `capacity`, `id_site`) VALUES ('R1', 'Room SF', 35, 'SFO');
INSERT INTO `HyperPlanning`.`room` (`idRoom`, `name`, `capacity`, `id_site`) VALUES ('R2', 'Room S', 30, 'SIN');

COMMIT;


-- -----------------------------------------------------
-- Data for table `HyperPlanning`.`session`
-- -----------------------------------------------------
START TRANSACTION;
USE `HyperPlanning`;
INSERT INTO `HyperPlanning`.`session` (`idSession`, `week`, `date`, `start_time`, `end_time`, `state`, `id_course`, `id_type`) VALUES ('0001', 48, '2020/11/23', '08:00:00', '09:30:00', 'VALIDATED', 'MATH', 'PW');
INSERT INTO `HyperPlanning`.`session` (`idSession`, `week`, `date`, `start_time`, `end_time`, `state`, `id_course`, `id_type`) VALUES ('0002', 48, '2020/11/23', '09:30:00', '11:00:00', 'VALIDATED', 'COSC', 'PW');
INSERT INTO `HyperPlanning`.`session` (`idSession`, `week`, `date`, `start_time`, `end_time`, `state`, `id_course`, `id_type`) VALUES ('0003', 48, '2020/11/23', '11:15:00', '12:45:00', 'VALIDATED', 'PHYS', 'DW');
INSERT INTO `HyperPlanning`.`session` (`idSession`, `week`, `date`, `start_time`, `end_time`, `state`, `id_course`, `id_type`) VALUES ('0004', 48, '2020/11/23', '12:45:00', '14:15:00', 'VALIDATED', 'PHYS', 'DW');
INSERT INTO `HyperPlanning`.`session` (`idSession`, `week`, `date`, `start_time`, `end_time`, `state`, `id_course`, `id_type`) VALUES ('0005', 49, '2020/11/30', '14:30:00', '16:00:00', 'VALIDATED', 'MATH', 'PA');
INSERT INTO `HyperPlanning`.`session` (`idSession`, `week`, `date`, `start_time`, `end_time`, `state`, `id_course`, `id_type`) VALUES ('0006', 49, '2020/11/30', '16:00:00', '17:30:00', 'VALIDATED', 'PHYS', 'PA');
INSERT INTO `HyperPlanning`.`session` (`idSession`, `week`, `date`, `start_time`, `end_time`, `state`, `id_course`, `id_type`) VALUES ('0007', 49, '2020/11/30', '17:45:00', '19:15:00', 'VALIDATED', 'COSC', 'OC');
INSERT INTO `HyperPlanning`.`session` (`idSession`, `week`, `date`, `start_time`, `end_time`, `state`, `id_course`, `id_type`) VALUES ('0008', 49, '2020/11/30', '19:15:00', '20:45:00', 'VALIDATED', 'COSC', 'OC');
INSERT INTO `HyperPlanning`.`session` (`idSession`, `week`, `date`, `start_time`, `end_time`, `state`, `id_course`, `id_type`) VALUES ('0009', 48, '2020/11/24', '08:00:00', '09:30:00', 'VALIDATED', 'COSC', 'PW');
INSERT INTO `HyperPlanning`.`session` (`idSession`, `week`, `date`, `start_time`, `end_time`, `state`, `id_course`, `id_type`) VALUES ('0010', 48, '2020/11/24', '09:30:00', '11:00:00', 'VALIDATED', 'COSC', 'PW');
INSERT INTO `HyperPlanning`.`session` (`idSession`, `week`, `date`, `start_time`, `end_time`, `state`, `id_course`, `id_type`) VALUES ('0011', 48, '2020/11/24', '11:15:00', '12:45:00', 'VALIDATED', 'MATH', 'OC');
INSERT INTO `HyperPlanning`.`session` (`idSession`, `week`, `date`, `start_time`, `end_time`, `state`, `id_course`, `id_type`) VALUES ('0012', 48, '2020/11/24', '12:45:00', '14:15:00', 'VALIDATED', 'PHYS', 'PW');
INSERT INTO `HyperPlanning`.`session` (`idSession`, `week`, `date`, `start_time`, `end_time`, `state`, `id_course`, `id_type`) VALUES ('0013', 48, '2020/11/25', '08:00:00', '09:30:00', 'VALIDATED', 'MATH', 'DW');
INSERT INTO `HyperPlanning`.`session` (`idSession`, `week`, `date`, `start_time`, `end_time`, `state`, `id_course`, `id_type`) VALUES ('0014', 48, '2020/11/25', '09:30:00', '11:00:00', 'VALIDATED', 'PHYS', 'PW');
INSERT INTO `HyperPlanning`.`session` (`idSession`, `week`, `date`, `start_time`, `end_time`, `state`, `id_course`, `id_type`) VALUES ('0015', 48, '2020/11/25', '11:15:00', '12:45:00', 'VALIDATED', 'COSC', 'PW');
INSERT INTO `HyperPlanning`.`session` (`idSession`, `week`, `date`, `start_time`, `end_time`, `state`, `id_course`, `id_type`) VALUES ('0016', 48, '2020/11/26', '14:30:00', '16:00:00', 'VALIDATED', 'COSC', 'DW');
INSERT INTO `HyperPlanning`.`session` (`idSession`, `week`, `date`, `start_time`, `end_time`, `state`, `id_course`, `id_type`) VALUES ('0017', 48, '2020/11/26', '16:00:00', '17:30:00', 'VALIDATED', 'COSC', 'OC');
INSERT INTO `HyperPlanning`.`session` (`idSession`, `week`, `date`, `start_time`, `end_time`, `state`, `id_course`, `id_type`) VALUES ('0018', 48, '2020/11/26', '17:45:00', '19:15:00', 'VALIDATED', 'PHYS', 'OC');
INSERT INTO `HyperPlanning`.`session` (`idSession`, `week`, `date`, `start_time`, `end_time`, `state`, `id_course`, `id_type`) VALUES ('0019', 48, '2020/11/27', '14:30:00', '16:00:00', 'VALIDATED', 'MATH', 'DW');
INSERT INTO `HyperPlanning`.`session` (`idSession`, `week`, `date`, `start_time`, `end_time`, `state`, `id_course`, `id_type`) VALUES ('0020', 48, '2020/11/27', '16:00:00', '17:30:00', 'VALIDATED', 'MATH', 'DW');
INSERT INTO `HyperPlanning`.`session` (`idSession`, `week`, `date`, `start_time`, `end_time`, `state`, `id_course`, `id_type`) VALUES ('0021', 48, '2020/11/27', '17:45:00', '19:15:00', 'VALIDATED', 'PHYS', 'PW');
INSERT INTO `HyperPlanning`.`session` (`idSession`, `week`, `date`, `start_time`, `end_time`, `state`, `id_course`, `id_type`) VALUES ('0022', 48, '2020/11/23', '08:00:00', '09:30:00', 'VALIDATED', 'PHYS', 'PW');
INSERT INTO `HyperPlanning`.`session` (`idSession`, `week`, `date`, `start_time`, `end_time`, `state`, `id_course`, `id_type`) VALUES ('0023', 48, '2020/11/23', '09:30:00', '11:00:00', 'VALIDATED', 'PHYS', 'DW');
INSERT INTO `HyperPlanning`.`session` (`idSession`, `week`, `date`, `start_time`, `end_time`, `state`, `id_course`, `id_type`) VALUES ('0024', 48, '2020/11/23', '11:15:00', '12:45:00', 'VALIDATED', 'COSC', 'LE');
INSERT INTO `HyperPlanning`.`session` (`idSession`, `week`, `date`, `start_time`, `end_time`, `state`, `id_course`, `id_type`) VALUES ('0025', 48, '2020/11/23', '12:45:00', '14:15:00', 'VALIDATED', 'MATH', 'LE');
INSERT INTO `HyperPlanning`.`session` (`idSession`, `week`, `date`, `start_time`, `end_time`, `state`, `id_course`, `id_type`) VALUES ('0026', 48, '2020/11/24', '08:00:00', '09:30:00', 'VALIDATED', 'PHYS', 'DW');
INSERT INTO `HyperPlanning`.`session` (`idSession`, `week`, `date`, `start_time`, `end_time`, `state`, `id_course`, `id_type`) VALUES ('0027', 48, '2020/11/24', '09:30:00', '11:00:00', 'VALIDATED', 'MATH', 'DW');
INSERT INTO `HyperPlanning`.`session` (`idSession`, `week`, `date`, `start_time`, `end_time`, `state`, `id_course`, `id_type`) VALUES ('0028', 48, '2020/11/24', '11:15:00', '12:45:00', 'VALIDATED', 'COSC', 'OC');
INSERT INTO `HyperPlanning`.`session` (`idSession`, `week`, `date`, `start_time`, `end_time`, `state`, `id_course`, `id_type`) VALUES ('0029', 48, '2020/11/24', '12:45:00', '14:15:00', 'VALIDATED', 'COSC', 'OC');
INSERT INTO `HyperPlanning`.`session` (`idSession`, `week`, `date`, `start_time`, `end_time`, `state`, `id_course`, `id_type`) VALUES ('0030', 48, '2020/11/25', '08:00:00', '09:30:00', 'VALIDATED', 'PHYS', 'LE');
INSERT INTO `HyperPlanning`.`session` (`idSession`, `week`, `date`, `start_time`, `end_time`, `state`, `id_course`, `id_type`) VALUES ('0031', 48, '2020/11/25', '09:30:00', '11:00:00', 'VALIDATED', 'COSC', 'DW');
INSERT INTO `HyperPlanning`.`session` (`idSession`, `week`, `date`, `start_time`, `end_time`, `state`, `id_course`, `id_type`) VALUES ('0032', 48, '2020/11/25', '11:15:00', '12:45:00', 'VALIDATED', 'MATH', 'DW');
INSERT INTO `HyperPlanning`.`session` (`idSession`, `week`, `date`, `start_time`, `end_time`, `state`, `id_course`, `id_type`) VALUES ('0033', 48, '2020/11/26', '14:30:00', '16:00:00', 'VALIDATED', 'PHYS', 'LE');
INSERT INTO `HyperPlanning`.`session` (`idSession`, `week`, `date`, `start_time`, `end_time`, `state`, `id_course`, `id_type`) VALUES ('0034', 48, '2020/11/26', '16:00:00', '17:30:00', 'VALIDATED', 'PHYS', 'DW');
INSERT INTO `HyperPlanning`.`session` (`idSession`, `week`, `date`, `start_time`, `end_time`, `state`, `id_course`, `id_type`) VALUES ('0035', 48, '2020/11/26', '17:45:00', '19:15:00', 'VALIDATED', 'COSC', 'LE');
INSERT INTO `HyperPlanning`.`session` (`idSession`, `week`, `date`, `start_time`, `end_time`, `state`, `id_course`, `id_type`) VALUES ('0036', 48, '2020/11/27', '14:30:00', '16:00:00', 'VALIDATED', 'COSC', 'LE');
INSERT INTO `HyperPlanning`.`session` (`idSession`, `week`, `date`, `start_time`, `end_time`, `state`, `id_course`, `id_type`) VALUES ('0037', 48, '2020/11/27', '16:00:00', '17:30:00', 'VALIDATED', 'PHYS', 'LE');
INSERT INTO `HyperPlanning`.`session` (`idSession`, `week`, `date`, `start_time`, `end_time`, `state`, `id_course`, `id_type`) VALUES ('0038', 48, '2020/11/27', '17:45:00', '19:15:00', 'VALIDATED', 'MATH', 'DW');
INSERT INTO `HyperPlanning`.`session` (`idSession`, `week`, `date`, `start_time`, `end_time`, `state`, `id_course`, `id_type`) VALUES ('0039', 49, '2020/11/30', '08:00:00', '09:30:00', 'VALIDATED', 'MATH', 'DW');
INSERT INTO `HyperPlanning`.`session` (`idSession`, `week`, `date`, `start_time`, `end_time`, `state`, `id_course`, `id_type`) VALUES ('0040', 49, '2020/11/30', '09:30:00', '11:00:00', 'VALIDATED', 'COSC', 'LE');
INSERT INTO `HyperPlanning`.`session` (`idSession`, `week`, `date`, `start_time`, `end_time`, `state`, `id_course`, `id_type`) VALUES ('0041', 49, '2020/11/30', '11:15:00', '12:45:00', 'VALIDATED', 'PHYS', 'LE');
INSERT INTO `HyperPlanning`.`session` (`idSession`, `week`, `date`, `start_time`, `end_time`, `state`, `id_course`, `id_type`) VALUES ('0042', 49, '2020/11/30', '12:45:00', '14:15:00', 'VALIDATED', 'PHYS', 'DW');
INSERT INTO `HyperPlanning`.`session` (`idSession`, `week`, `date`, `start_time`, `end_time`, `state`, `id_course`, `id_type`) VALUES ('0043', 49, '2020/12/01', '08:00:00', '09:30:00', 'VALIDATED', 'COSC', 'DW');
INSERT INTO `HyperPlanning`.`session` (`idSession`, `week`, `date`, `start_time`, `end_time`, `state`, `id_course`, `id_type`) VALUES ('0044', 49, '2020/12/01', '09:30:00', '11:00:00', 'VALIDATED', 'COSC', 'DW');
INSERT INTO `HyperPlanning`.`session` (`idSession`, `week`, `date`, `start_time`, `end_time`, `state`, `id_course`, `id_type`) VALUES ('0045', 49, '2020/12/01', '11:15:00', '12:45:00', 'VALIDATED', 'MATH', 'LE');
INSERT INTO `HyperPlanning`.`session` (`idSession`, `week`, `date`, `start_time`, `end_time`, `state`, `id_course`, `id_type`) VALUES ('0046', 49, '2020/12/01', '12:45:00', '14:15:00', 'VALIDATED', 'PHYS', 'DW');
INSERT INTO `HyperPlanning`.`session` (`idSession`, `week`, `date`, `start_time`, `end_time`, `state`, `id_course`, `id_type`) VALUES ('0047', 49, '2020/12/02', '08:00:00', '09:30:00', 'VALIDATED', 'MATH', 'DW');
INSERT INTO `HyperPlanning`.`session` (`idSession`, `week`, `date`, `start_time`, `end_time`, `state`, `id_course`, `id_type`) VALUES ('0048', 49, '2020/12/02', '09:30:00', '11:00:00', 'VALIDATED', 'PHYS', 'PA');
INSERT INTO `HyperPlanning`.`session` (`idSession`, `week`, `date`, `start_time`, `end_time`, `state`, `id_course`, `id_type`) VALUES ('0049', 49, '2020/12/02', '11:15:00', '12:45:00', 'VALIDATED', 'COSC', 'DW');
INSERT INTO `HyperPlanning`.`session` (`idSession`, `week`, `date`, `start_time`, `end_time`, `state`, `id_course`, `id_type`) VALUES ('0050', 49, '2020/12/03', '14:30:00', '16:00:00', 'VALIDATED', 'COSC', 'DW');
INSERT INTO `HyperPlanning`.`session` (`idSession`, `week`, `date`, `start_time`, `end_time`, `state`, `id_course`, `id_type`) VALUES ('0051', 49, '2020/12/03', '16:00:00', '17:30:00', 'VALIDATED', 'COSC', 'DW');
INSERT INTO `HyperPlanning`.`session` (`idSession`, `week`, `date`, `start_time`, `end_time`, `state`, `id_course`, `id_type`) VALUES ('0052', 49, '2020/12/03', '17:45:00', '19:15:00', 'VALIDATED', 'PHYS', 'LE');
INSERT INTO `HyperPlanning`.`session` (`idSession`, `week`, `date`, `start_time`, `end_time`, `state`, `id_course`, `id_type`) VALUES ('0053', 49, '2020/12/04', '14:30:00', '16:00:00', 'VALIDATED', 'MATH', 'DW');
INSERT INTO `HyperPlanning`.`session` (`idSession`, `week`, `date`, `start_time`, `end_time`, `state`, `id_course`, `id_type`) VALUES ('0054', 49, '2020/12/04', '16:00:00', '17:30:00', 'VALIDATED', 'MATH', 'DW');
INSERT INTO `HyperPlanning`.`session` (`idSession`, `week`, `date`, `start_time`, `end_time`, `state`, `id_course`, `id_type`) VALUES ('0055', 49, '2020/12/04', '17:45:00', '19:15:00', 'VALIDATED', 'PHYS', 'PW');
INSERT INTO `HyperPlanning`.`session` (`idSession`, `week`, `date`, `start_time`, `end_time`, `state`, `id_course`, `id_type`) VALUES ('0056', 49, '2020/11/30', '08:00:00', '09:30:00', 'VALIDATED', 'PHYS', 'DW');
INSERT INTO `HyperPlanning`.`session` (`idSession`, `week`, `date`, `start_time`, `end_time`, `state`, `id_course`, `id_type`) VALUES ('0057', 49, '2020/11/30', '09:30:00', '11:00:00', 'VALIDATED', 'PHYS', 'DW');
INSERT INTO `HyperPlanning`.`session` (`idSession`, `week`, `date`, `start_time`, `end_time`, `state`, `id_course`, `id_type`) VALUES ('0058', 49, '2020/11/30', '11:15:00', '12:45:00', 'VALIDATED', 'COSC', 'LE');
INSERT INTO `HyperPlanning`.`session` (`idSession`, `week`, `date`, `start_time`, `end_time`, `state`, `id_course`, `id_type`) VALUES ('0059', 49, '2020/11/30', '12:45:00', '14:15:00', 'VALIDATED', 'MATH', 'LE');
INSERT INTO `HyperPlanning`.`session` (`idSession`, `week`, `date`, `start_time`, `end_time`, `state`, `id_course`, `id_type`) VALUES ('0060', 49, '2020/12/01', '08:00:00', '09:30:00', 'VALIDATED', 'PHYS', 'DW');
INSERT INTO `HyperPlanning`.`session` (`idSession`, `week`, `date`, `start_time`, `end_time`, `state`, `id_course`, `id_type`) VALUES ('0061', 49, '2020/12/01', '09:30:00', '11:00:00', 'VALIDATED', 'MATH', 'PW');
INSERT INTO `HyperPlanning`.`session` (`idSession`, `week`, `date`, `start_time`, `end_time`, `state`, `id_course`, `id_type`) VALUES ('0062', 49, '2020/12/01', '11:15:00', '12:45:00', 'VALIDATED', 'COSC', 'DW');
INSERT INTO `HyperPlanning`.`session` (`idSession`, `week`, `date`, `start_time`, `end_time`, `state`, `id_course`, `id_type`) VALUES ('0063', 49, '2020/12/01', '12:45:00', '14:15:00', 'VALIDATED', 'COSC', 'DW');
INSERT INTO `HyperPlanning`.`session` (`idSession`, `week`, `date`, `start_time`, `end_time`, `state`, `id_course`, `id_type`) VALUES ('0064', 49, '2020/12/02', '08:00:00', '09:30:00', 'VALIDATED', 'PHYS', 'LE');
INSERT INTO `HyperPlanning`.`session` (`idSession`, `week`, `date`, `start_time`, `end_time`, `state`, `id_course`, `id_type`) VALUES ('0065', 49, '2020/12/02', '09:30:00', '11:00:00', 'VALIDATED', 'COSC', 'DW');
INSERT INTO `HyperPlanning`.`session` (`idSession`, `week`, `date`, `start_time`, `end_time`, `state`, `id_course`, `id_type`) VALUES ('0066', 49, '2020/12/02', '11:15:00', '12:45:00', 'VALIDATED', 'MATH', 'PW');
INSERT INTO `HyperPlanning`.`session` (`idSession`, `week`, `date`, `start_time`, `end_time`, `state`, `id_course`, `id_type`) VALUES ('0067', 49, '2020/12/03', '14:30:00', '16:00:00', 'VALIDATED', 'PHYS', 'DW');
INSERT INTO `HyperPlanning`.`session` (`idSession`, `week`, `date`, `start_time`, `end_time`, `state`, `id_course`, `id_type`) VALUES ('0068', 49, '2020/12/03', '16:00:00', '17:30:00', 'VALIDATED', 'PHYS', 'DW');
INSERT INTO `HyperPlanning`.`session` (`idSession`, `week`, `date`, `start_time`, `end_time`, `state`, `id_course`, `id_type`) VALUES ('0069', 49, '2020/12/03', '17:45:00', '19:15:00', 'VALIDATED', 'COSC', 'OC');
INSERT INTO `HyperPlanning`.`session` (`idSession`, `week`, `date`, `start_time`, `end_time`, `state`, `id_course`, `id_type`) VALUES ('0070', 49, '2020/12/04', '14:30:00', '16:00:00', 'VALIDATED', 'COSC', 'DW');
INSERT INTO `HyperPlanning`.`session` (`idSession`, `week`, `date`, `start_time`, `end_time`, `state`, `id_course`, `id_type`) VALUES ('0071', 49, '2020/12/04', '16:00:00', '17:30:00', 'VALIDATED', 'PHYS', 'LE');
INSERT INTO `HyperPlanning`.`session` (`idSession`, `week`, `date`, `start_time`, `end_time`, `state`, `id_course`, `id_type`) VALUES ('0072', 49, '2020/12/04', '17:45:00', '19:15:00', 'VALIDATED', 'MATH', 'LE');
INSERT INTO `HyperPlanning`.`session` (`idSession`, `week`, `date`, `start_time`, `end_time`, `state`, `id_course`, `id_type`) VALUES ('0073', 48, '2020/11/23', '14:30:00', '16:00:00', 'VALIDATED', 'COSC', 'LE');
INSERT INTO `HyperPlanning`.`session` (`idSession`, `week`, `date`, `start_time`, `end_time`, `state`, `id_course`, `id_type`) VALUES ('0074', 48, '2020/11/23', '16:00:00', '17:30:00', 'VALIDATED', 'COSC', 'DW');
INSERT INTO `HyperPlanning`.`session` (`idSession`, `week`, `date`, `start_time`, `end_time`, `state`, `id_course`, `id_type`) VALUES ('0075', 48, '2020/11/23', '17:45:00', '19:15:00', 'VALIDATED', 'MATH', 'PW');
INSERT INTO `HyperPlanning`.`session` (`idSession`, `week`, `date`, `start_time`, `end_time`, `state`, `id_course`, `id_type`) VALUES ('0076', 48, '2020/11/23', '19:15:00', '20:45:00', 'VALIDATED', 'PHYS', 'PW');

COMMIT;


-- -----------------------------------------------------
-- Data for table `HyperPlanning`.`groups_session`
-- -----------------------------------------------------
START TRANSACTION;
USE `HyperPlanning`;
INSERT INTO `HyperPlanning`.`groups_session` (`id_SessionGS`, `id_GroupGS`) VALUES ('0001', 'ING1GR1');
INSERT INTO `HyperPlanning`.`groups_session` (`id_SessionGS`, `id_GroupGS`) VALUES ('0002', 'ING1GR1');
INSERT INTO `HyperPlanning`.`groups_session` (`id_SessionGS`, `id_GroupGS`) VALUES ('0003', 'ING1GR1');
INSERT INTO `HyperPlanning`.`groups_session` (`id_SessionGS`, `id_GroupGS`) VALUES ('0004', 'ING1GR1');
INSERT INTO `HyperPlanning`.`groups_session` (`id_SessionGS`, `id_GroupGS`) VALUES ('0005', 'ING2GR2');
INSERT INTO `HyperPlanning`.`groups_session` (`id_SessionGS`, `id_GroupGS`) VALUES ('0006', 'ING2GR2');
INSERT INTO `HyperPlanning`.`groups_session` (`id_SessionGS`, `id_GroupGS`) VALUES ('0007', 'ING2GR2');
INSERT INTO `HyperPlanning`.`groups_session` (`id_SessionGS`, `id_GroupGS`) VALUES ('0008', 'ING2GR2');
INSERT INTO `HyperPlanning`.`groups_session` (`id_SessionGS`, `id_GroupGS`) VALUES ('0009', 'ING1GR1');
INSERT INTO `HyperPlanning`.`groups_session` (`id_SessionGS`, `id_GroupGS`) VALUES ('0010', 'ING1GR1');
INSERT INTO `HyperPlanning`.`groups_session` (`id_SessionGS`, `id_GroupGS`) VALUES ('0011', 'ING1GR1');
INSERT INTO `HyperPlanning`.`groups_session` (`id_SessionGS`, `id_GroupGS`) VALUES ('0012', 'ING1GR1');
INSERT INTO `HyperPlanning`.`groups_session` (`id_SessionGS`, `id_GroupGS`) VALUES ('0013', 'ING1GR1');
INSERT INTO `HyperPlanning`.`groups_session` (`id_SessionGS`, `id_GroupGS`) VALUES ('0014', 'ING1GR1');
INSERT INTO `HyperPlanning`.`groups_session` (`id_SessionGS`, `id_GroupGS`) VALUES ('0015', 'ING1GR1');
INSERT INTO `HyperPlanning`.`groups_session` (`id_SessionGS`, `id_GroupGS`) VALUES ('0016', 'ING1GR1');
INSERT INTO `HyperPlanning`.`groups_session` (`id_SessionGS`, `id_GroupGS`) VALUES ('0017', 'ING1GR1');
INSERT INTO `HyperPlanning`.`groups_session` (`id_SessionGS`, `id_GroupGS`) VALUES ('0018', 'ING1GR1');
INSERT INTO `HyperPlanning`.`groups_session` (`id_SessionGS`, `id_GroupGS`) VALUES ('0019', 'ING1GR1');
INSERT INTO `HyperPlanning`.`groups_session` (`id_SessionGS`, `id_GroupGS`) VALUES ('0020', 'ING1GR1');
INSERT INTO `HyperPlanning`.`groups_session` (`id_SessionGS`, `id_GroupGS`) VALUES ('0021', 'ING1GR1');
INSERT INTO `HyperPlanning`.`groups_session` (`id_SessionGS`, `id_GroupGS`) VALUES ('0022', 'ING1GR2');
INSERT INTO `HyperPlanning`.`groups_session` (`id_SessionGS`, `id_GroupGS`) VALUES ('0023', 'ING1GR2');
INSERT INTO `HyperPlanning`.`groups_session` (`id_SessionGS`, `id_GroupGS`) VALUES ('0024', 'ING1GR2');
INSERT INTO `HyperPlanning`.`groups_session` (`id_SessionGS`, `id_GroupGS`) VALUES ('0025', 'ING1GR2');
INSERT INTO `HyperPlanning`.`groups_session` (`id_SessionGS`, `id_GroupGS`) VALUES ('0026', 'ING1GR2');
INSERT INTO `HyperPlanning`.`groups_session` (`id_SessionGS`, `id_GroupGS`) VALUES ('0027', 'ING1GR2');
INSERT INTO `HyperPlanning`.`groups_session` (`id_SessionGS`, `id_GroupGS`) VALUES ('0028', 'ING1GR2');
INSERT INTO `HyperPlanning`.`groups_session` (`id_SessionGS`, `id_GroupGS`) VALUES ('0029', 'ING1GR2');
INSERT INTO `HyperPlanning`.`groups_session` (`id_SessionGS`, `id_GroupGS`) VALUES ('0030', 'ING1GR2');
INSERT INTO `HyperPlanning`.`groups_session` (`id_SessionGS`, `id_GroupGS`) VALUES ('0031', 'ING1GR2');
INSERT INTO `HyperPlanning`.`groups_session` (`id_SessionGS`, `id_GroupGS`) VALUES ('0032', 'ING1GR2');
INSERT INTO `HyperPlanning`.`groups_session` (`id_SessionGS`, `id_GroupGS`) VALUES ('0033', 'ING1GR2');
INSERT INTO `HyperPlanning`.`groups_session` (`id_SessionGS`, `id_GroupGS`) VALUES ('0034', 'ING1GR2');
INSERT INTO `HyperPlanning`.`groups_session` (`id_SessionGS`, `id_GroupGS`) VALUES ('0035', 'ING1GR2');
INSERT INTO `HyperPlanning`.`groups_session` (`id_SessionGS`, `id_GroupGS`) VALUES ('0036', 'ING1GR2');
INSERT INTO `HyperPlanning`.`groups_session` (`id_SessionGS`, `id_GroupGS`) VALUES ('0037', 'ING1GR2');
INSERT INTO `HyperPlanning`.`groups_session` (`id_SessionGS`, `id_GroupGS`) VALUES ('0038', 'ING1GR2');
INSERT INTO `HyperPlanning`.`groups_session` (`id_SessionGS`, `id_GroupGS`) VALUES ('0039', 'ING1GR1');
INSERT INTO `HyperPlanning`.`groups_session` (`id_SessionGS`, `id_GroupGS`) VALUES ('0040', 'ING1GR1');
INSERT INTO `HyperPlanning`.`groups_session` (`id_SessionGS`, `id_GroupGS`) VALUES ('0041', 'ING1GR1');
INSERT INTO `HyperPlanning`.`groups_session` (`id_SessionGS`, `id_GroupGS`) VALUES ('0042', 'ING1GR1');
INSERT INTO `HyperPlanning`.`groups_session` (`id_SessionGS`, `id_GroupGS`) VALUES ('0043', 'ING1GR1');
INSERT INTO `HyperPlanning`.`groups_session` (`id_SessionGS`, `id_GroupGS`) VALUES ('0044', 'ING1GR1');
INSERT INTO `HyperPlanning`.`groups_session` (`id_SessionGS`, `id_GroupGS`) VALUES ('0045', 'ING1GR1');
INSERT INTO `HyperPlanning`.`groups_session` (`id_SessionGS`, `id_GroupGS`) VALUES ('0046', 'ING1GR1');
INSERT INTO `HyperPlanning`.`groups_session` (`id_SessionGS`, `id_GroupGS`) VALUES ('0047', 'ING1GR1');
INSERT INTO `HyperPlanning`.`groups_session` (`id_SessionGS`, `id_GroupGS`) VALUES ('0048', 'ING1GR1');
INSERT INTO `HyperPlanning`.`groups_session` (`id_SessionGS`, `id_GroupGS`) VALUES ('0049', 'ING1GR1');
INSERT INTO `HyperPlanning`.`groups_session` (`id_SessionGS`, `id_GroupGS`) VALUES ('0050', 'ING1GR1');
INSERT INTO `HyperPlanning`.`groups_session` (`id_SessionGS`, `id_GroupGS`) VALUES ('0051', 'ING1GR1');
INSERT INTO `HyperPlanning`.`groups_session` (`id_SessionGS`, `id_GroupGS`) VALUES ('0052', 'ING1GR1');
INSERT INTO `HyperPlanning`.`groups_session` (`id_SessionGS`, `id_GroupGS`) VALUES ('0053', 'ING1GR1');
INSERT INTO `HyperPlanning`.`groups_session` (`id_SessionGS`, `id_GroupGS`) VALUES ('0054', 'ING1GR1');
INSERT INTO `HyperPlanning`.`groups_session` (`id_SessionGS`, `id_GroupGS`) VALUES ('0055', 'ING1GR1');
INSERT INTO `HyperPlanning`.`groups_session` (`id_SessionGS`, `id_GroupGS`) VALUES ('0056', 'ING1GR2');
INSERT INTO `HyperPlanning`.`groups_session` (`id_SessionGS`, `id_GroupGS`) VALUES ('0057', 'ING1GR2');
INSERT INTO `HyperPlanning`.`groups_session` (`id_SessionGS`, `id_GroupGS`) VALUES ('0058', 'ING1GR2');
INSERT INTO `HyperPlanning`.`groups_session` (`id_SessionGS`, `id_GroupGS`) VALUES ('0059', 'ING1GR2');
INSERT INTO `HyperPlanning`.`groups_session` (`id_SessionGS`, `id_GroupGS`) VALUES ('0060', 'ING1GR2');
INSERT INTO `HyperPlanning`.`groups_session` (`id_SessionGS`, `id_GroupGS`) VALUES ('0061', 'ING1GR2');
INSERT INTO `HyperPlanning`.`groups_session` (`id_SessionGS`, `id_GroupGS`) VALUES ('0062', 'ING1GR2');
INSERT INTO `HyperPlanning`.`groups_session` (`id_SessionGS`, `id_GroupGS`) VALUES ('0063', 'ING1GR2');
INSERT INTO `HyperPlanning`.`groups_session` (`id_SessionGS`, `id_GroupGS`) VALUES ('0064', 'ING1GR2');
INSERT INTO `HyperPlanning`.`groups_session` (`id_SessionGS`, `id_GroupGS`) VALUES ('0065', 'ING1GR2');
INSERT INTO `HyperPlanning`.`groups_session` (`id_SessionGS`, `id_GroupGS`) VALUES ('0066', 'ING1GR2');
INSERT INTO `HyperPlanning`.`groups_session` (`id_SessionGS`, `id_GroupGS`) VALUES ('0067', 'ING1GR2');
INSERT INTO `HyperPlanning`.`groups_session` (`id_SessionGS`, `id_GroupGS`) VALUES ('0068', 'ING1GR2');
INSERT INTO `HyperPlanning`.`groups_session` (`id_SessionGS`, `id_GroupGS`) VALUES ('0069', 'ING1GR2');
INSERT INTO `HyperPlanning`.`groups_session` (`id_SessionGS`, `id_GroupGS`) VALUES ('0070', 'ING1GR2');
INSERT INTO `HyperPlanning`.`groups_session` (`id_SessionGS`, `id_GroupGS`) VALUES ('0071', 'ING1GR2');
INSERT INTO `HyperPlanning`.`groups_session` (`id_SessionGS`, `id_GroupGS`) VALUES ('0072', 'ING1GR2');
INSERT INTO `HyperPlanning`.`groups_session` (`id_SessionGS`, `id_GroupGS`) VALUES ('0073', 'ING1GR1');
INSERT INTO `HyperPlanning`.`groups_session` (`id_SessionGS`, `id_GroupGS`) VALUES ('0074', 'ING1GR1');
INSERT INTO `HyperPlanning`.`groups_session` (`id_SessionGS`, `id_GroupGS`) VALUES ('0075', 'ING1GR1');
INSERT INTO `HyperPlanning`.`groups_session` (`id_SessionGS`, `id_GroupGS`) VALUES ('0076', 'ING1GR1');

COMMIT;


-- -----------------------------------------------------
-- Data for table `HyperPlanning`.`teachers_session`
-- -----------------------------------------------------
START TRANSACTION;
USE `HyperPlanning`;
INSERT INTO `HyperPlanning`.`teachers_session` (`id_SessionTS`, `id_TeacherTS`) VALUES ('0001', '0003');
INSERT INTO `HyperPlanning`.`teachers_session` (`id_SessionTS`, `id_TeacherTS`) VALUES ('0002', '0005');
INSERT INTO `HyperPlanning`.`teachers_session` (`id_SessionTS`, `id_TeacherTS`) VALUES ('0003', '0004');
INSERT INTO `HyperPlanning`.`teachers_session` (`id_SessionTS`, `id_TeacherTS`) VALUES ('0004', '0004');
INSERT INTO `HyperPlanning`.`teachers_session` (`id_SessionTS`, `id_TeacherTS`) VALUES ('0005', '0019');
INSERT INTO `HyperPlanning`.`teachers_session` (`id_SessionTS`, `id_TeacherTS`) VALUES ('0006', '0021');
INSERT INTO `HyperPlanning`.`teachers_session` (`id_SessionTS`, `id_TeacherTS`) VALUES ('0007', '0023');
INSERT INTO `HyperPlanning`.`teachers_session` (`id_SessionTS`, `id_TeacherTS`) VALUES ('0008', '0023');
INSERT INTO `HyperPlanning`.`teachers_session` (`id_SessionTS`, `id_TeacherTS`) VALUES ('0009', '0005');
INSERT INTO `HyperPlanning`.`teachers_session` (`id_SessionTS`, `id_TeacherTS`) VALUES ('0010', '0005');
INSERT INTO `HyperPlanning`.`teachers_session` (`id_SessionTS`, `id_TeacherTS`) VALUES ('0011', '0003');
INSERT INTO `HyperPlanning`.`teachers_session` (`id_SessionTS`, `id_TeacherTS`) VALUES ('0012', '0004');
INSERT INTO `HyperPlanning`.`teachers_session` (`id_SessionTS`, `id_TeacherTS`) VALUES ('0013', '0003');
INSERT INTO `HyperPlanning`.`teachers_session` (`id_SessionTS`, `id_TeacherTS`) VALUES ('0014', '0004');
INSERT INTO `HyperPlanning`.`teachers_session` (`id_SessionTS`, `id_TeacherTS`) VALUES ('0015', '0005');
INSERT INTO `HyperPlanning`.`teachers_session` (`id_SessionTS`, `id_TeacherTS`) VALUES ('0016', '0005');
INSERT INTO `HyperPlanning`.`teachers_session` (`id_SessionTS`, `id_TeacherTS`) VALUES ('0017', '0005');
INSERT INTO `HyperPlanning`.`teachers_session` (`id_SessionTS`, `id_TeacherTS`) VALUES ('0018', '0004');
INSERT INTO `HyperPlanning`.`teachers_session` (`id_SessionTS`, `id_TeacherTS`) VALUES ('0019', '0003');
INSERT INTO `HyperPlanning`.`teachers_session` (`id_SessionTS`, `id_TeacherTS`) VALUES ('0020', '0003');
INSERT INTO `HyperPlanning`.`teachers_session` (`id_SessionTS`, `id_TeacherTS`) VALUES ('0021', '0004');
INSERT INTO `HyperPlanning`.`teachers_session` (`id_SessionTS`, `id_TeacherTS`) VALUES ('0022', '0004');
INSERT INTO `HyperPlanning`.`teachers_session` (`id_SessionTS`, `id_TeacherTS`) VALUES ('0023', '0004');
INSERT INTO `HyperPlanning`.`teachers_session` (`id_SessionTS`, `id_TeacherTS`) VALUES ('0024', '0005');
INSERT INTO `HyperPlanning`.`teachers_session` (`id_SessionTS`, `id_TeacherTS`) VALUES ('0025', '0003');
INSERT INTO `HyperPlanning`.`teachers_session` (`id_SessionTS`, `id_TeacherTS`) VALUES ('0026', '0004');
INSERT INTO `HyperPlanning`.`teachers_session` (`id_SessionTS`, `id_TeacherTS`) VALUES ('0027', '0003');
INSERT INTO `HyperPlanning`.`teachers_session` (`id_SessionTS`, `id_TeacherTS`) VALUES ('0028', '0005');
INSERT INTO `HyperPlanning`.`teachers_session` (`id_SessionTS`, `id_TeacherTS`) VALUES ('0029', '0005');
INSERT INTO `HyperPlanning`.`teachers_session` (`id_SessionTS`, `id_TeacherTS`) VALUES ('0030', '0004');
INSERT INTO `HyperPlanning`.`teachers_session` (`id_SessionTS`, `id_TeacherTS`) VALUES ('0031', '0005');
INSERT INTO `HyperPlanning`.`teachers_session` (`id_SessionTS`, `id_TeacherTS`) VALUES ('0032', '0003');
INSERT INTO `HyperPlanning`.`teachers_session` (`id_SessionTS`, `id_TeacherTS`) VALUES ('0033', '0004');
INSERT INTO `HyperPlanning`.`teachers_session` (`id_SessionTS`, `id_TeacherTS`) VALUES ('0034', '0004');
INSERT INTO `HyperPlanning`.`teachers_session` (`id_SessionTS`, `id_TeacherTS`) VALUES ('0035', '0005');
INSERT INTO `HyperPlanning`.`teachers_session` (`id_SessionTS`, `id_TeacherTS`) VALUES ('0036', '0005');
INSERT INTO `HyperPlanning`.`teachers_session` (`id_SessionTS`, `id_TeacherTS`) VALUES ('0037', '0004');
INSERT INTO `HyperPlanning`.`teachers_session` (`id_SessionTS`, `id_TeacherTS`) VALUES ('0038', '0003');
INSERT INTO `HyperPlanning`.`teachers_session` (`id_SessionTS`, `id_TeacherTS`) VALUES ('0039', '0003');
INSERT INTO `HyperPlanning`.`teachers_session` (`id_SessionTS`, `id_TeacherTS`) VALUES ('0040', '0005');
INSERT INTO `HyperPlanning`.`teachers_session` (`id_SessionTS`, `id_TeacherTS`) VALUES ('0041', '0004');
INSERT INTO `HyperPlanning`.`teachers_session` (`id_SessionTS`, `id_TeacherTS`) VALUES ('0042', '0004');
INSERT INTO `HyperPlanning`.`teachers_session` (`id_SessionTS`, `id_TeacherTS`) VALUES ('0043', '0005');
INSERT INTO `HyperPlanning`.`teachers_session` (`id_SessionTS`, `id_TeacherTS`) VALUES ('0044', '0005');
INSERT INTO `HyperPlanning`.`teachers_session` (`id_SessionTS`, `id_TeacherTS`) VALUES ('0045', '0003');
INSERT INTO `HyperPlanning`.`teachers_session` (`id_SessionTS`, `id_TeacherTS`) VALUES ('0046', '0004');
INSERT INTO `HyperPlanning`.`teachers_session` (`id_SessionTS`, `id_TeacherTS`) VALUES ('0047', '0003');
INSERT INTO `HyperPlanning`.`teachers_session` (`id_SessionTS`, `id_TeacherTS`) VALUES ('0048', '0004');
INSERT INTO `HyperPlanning`.`teachers_session` (`id_SessionTS`, `id_TeacherTS`) VALUES ('0049', '0005');
INSERT INTO `HyperPlanning`.`teachers_session` (`id_SessionTS`, `id_TeacherTS`) VALUES ('0050', '0005');
INSERT INTO `HyperPlanning`.`teachers_session` (`id_SessionTS`, `id_TeacherTS`) VALUES ('0051', '0005');
INSERT INTO `HyperPlanning`.`teachers_session` (`id_SessionTS`, `id_TeacherTS`) VALUES ('0052', '0004');
INSERT INTO `HyperPlanning`.`teachers_session` (`id_SessionTS`, `id_TeacherTS`) VALUES ('0053', '0003');
INSERT INTO `HyperPlanning`.`teachers_session` (`id_SessionTS`, `id_TeacherTS`) VALUES ('0054', '0003');
INSERT INTO `HyperPlanning`.`teachers_session` (`id_SessionTS`, `id_TeacherTS`) VALUES ('0055', '0004');
INSERT INTO `HyperPlanning`.`teachers_session` (`id_SessionTS`, `id_TeacherTS`) VALUES ('0056', '0004');
INSERT INTO `HyperPlanning`.`teachers_session` (`id_SessionTS`, `id_TeacherTS`) VALUES ('0057', '0004');
INSERT INTO `HyperPlanning`.`teachers_session` (`id_SessionTS`, `id_TeacherTS`) VALUES ('0058', '0005');
INSERT INTO `HyperPlanning`.`teachers_session` (`id_SessionTS`, `id_TeacherTS`) VALUES ('0059', '0003');
INSERT INTO `HyperPlanning`.`teachers_session` (`id_SessionTS`, `id_TeacherTS`) VALUES ('0060', '0004');
INSERT INTO `HyperPlanning`.`teachers_session` (`id_SessionTS`, `id_TeacherTS`) VALUES ('0061', '0003');
INSERT INTO `HyperPlanning`.`teachers_session` (`id_SessionTS`, `id_TeacherTS`) VALUES ('0062', '0005');
INSERT INTO `HyperPlanning`.`teachers_session` (`id_SessionTS`, `id_TeacherTS`) VALUES ('0063', '0005');
INSERT INTO `HyperPlanning`.`teachers_session` (`id_SessionTS`, `id_TeacherTS`) VALUES ('0064', '0004');
INSERT INTO `HyperPlanning`.`teachers_session` (`id_SessionTS`, `id_TeacherTS`) VALUES ('0065', '0005');
INSERT INTO `HyperPlanning`.`teachers_session` (`id_SessionTS`, `id_TeacherTS`) VALUES ('0066', '0003');
INSERT INTO `HyperPlanning`.`teachers_session` (`id_SessionTS`, `id_TeacherTS`) VALUES ('0067', '0004');
INSERT INTO `HyperPlanning`.`teachers_session` (`id_SessionTS`, `id_TeacherTS`) VALUES ('0068', '0004');
INSERT INTO `HyperPlanning`.`teachers_session` (`id_SessionTS`, `id_TeacherTS`) VALUES ('0069', '0005');
INSERT INTO `HyperPlanning`.`teachers_session` (`id_SessionTS`, `id_TeacherTS`) VALUES ('0070', '0005');
INSERT INTO `HyperPlanning`.`teachers_session` (`id_SessionTS`, `id_TeacherTS`) VALUES ('0071', '0004');
INSERT INTO `HyperPlanning`.`teachers_session` (`id_SessionTS`, `id_TeacherTS`) VALUES ('0072', '0003');
INSERT INTO `HyperPlanning`.`teachers_session` (`id_SessionTS`, `id_TeacherTS`) VALUES ('0073', '0005');
INSERT INTO `HyperPlanning`.`teachers_session` (`id_SessionTS`, `id_TeacherTS`) VALUES ('0074', '0005');
INSERT INTO `HyperPlanning`.`teachers_session` (`id_SessionTS`, `id_TeacherTS`) VALUES ('0075', '0003');
INSERT INTO `HyperPlanning`.`teachers_session` (`id_SessionTS`, `id_TeacherTS`) VALUES ('0076', '0004');

COMMIT;


-- -----------------------------------------------------
-- Data for table `HyperPlanning`.`rooms_session`
-- -----------------------------------------------------
START TRANSACTION;
USE `HyperPlanning`;
INSERT INTO `HyperPlanning`.`rooms_session` (`id_SessionRS`, `id_RoomRS`) VALUES ('0001', 'AMPHI1');
INSERT INTO `HyperPlanning`.`rooms_session` (`id_SessionRS`, `id_RoomRS`) VALUES ('0002', 'AMPHI1');
INSERT INTO `HyperPlanning`.`rooms_session` (`id_SessionRS`, `id_RoomRS`) VALUES ('0003', 'LAB1');
INSERT INTO `HyperPlanning`.`rooms_session` (`id_SessionRS`, `id_RoomRS`) VALUES ('0004', 'LAB1');
INSERT INTO `HyperPlanning`.`rooms_session` (`id_SessionRS`, `id_RoomRS`) VALUES ('0005', 'LAB2');
INSERT INTO `HyperPlanning`.`rooms_session` (`id_SessionRS`, `id_RoomRS`) VALUES ('0006', 'R1');
INSERT INTO `HyperPlanning`.`rooms_session` (`id_SessionRS`, `id_RoomRS`) VALUES ('0007', 'LAB2');
INSERT INTO `HyperPlanning`.`rooms_session` (`id_SessionRS`, `id_RoomRS`) VALUES ('0008', 'LAB2');
INSERT INTO `HyperPlanning`.`rooms_session` (`id_SessionRS`, `id_RoomRS`) VALUES ('0009', 'AMPHI1');
INSERT INTO `HyperPlanning`.`rooms_session` (`id_SessionRS`, `id_RoomRS`) VALUES ('0010', 'AMPHI1');
INSERT INTO `HyperPlanning`.`rooms_session` (`id_SessionRS`, `id_RoomRS`) VALUES ('0011', 'AMPHI1');
INSERT INTO `HyperPlanning`.`rooms_session` (`id_SessionRS`, `id_RoomRS`) VALUES ('0012', 'AMPHI1');
INSERT INTO `HyperPlanning`.`rooms_session` (`id_SessionRS`, `id_RoomRS`) VALUES ('0013', 'AMPHI1');
INSERT INTO `HyperPlanning`.`rooms_session` (`id_SessionRS`, `id_RoomRS`) VALUES ('0014', 'AMPHI1');
INSERT INTO `HyperPlanning`.`rooms_session` (`id_SessionRS`, `id_RoomRS`) VALUES ('0015', 'AMPHI1');
INSERT INTO `HyperPlanning`.`rooms_session` (`id_SessionRS`, `id_RoomRS`) VALUES ('0016', 'LAB1');
INSERT INTO `HyperPlanning`.`rooms_session` (`id_SessionRS`, `id_RoomRS`) VALUES ('0017', 'LAB1');
INSERT INTO `HyperPlanning`.`rooms_session` (`id_SessionRS`, `id_RoomRS`) VALUES ('0018', 'LAB1');
INSERT INTO `HyperPlanning`.`rooms_session` (`id_SessionRS`, `id_RoomRS`) VALUES ('0019', 'LAB1');
INSERT INTO `HyperPlanning`.`rooms_session` (`id_SessionRS`, `id_RoomRS`) VALUES ('0020', 'LAB1');
INSERT INTO `HyperPlanning`.`rooms_session` (`id_SessionRS`, `id_RoomRS`) VALUES ('0021', 'LAB1');
INSERT INTO `HyperPlanning`.`rooms_session` (`id_SessionRS`, `id_RoomRS`) VALUES ('0022', 'LAB1');
INSERT INTO `HyperPlanning`.`rooms_session` (`id_SessionRS`, `id_RoomRS`) VALUES ('0023', 'LAB1');
INSERT INTO `HyperPlanning`.`rooms_session` (`id_SessionRS`, `id_RoomRS`) VALUES ('0024', 'AMPHI1');
INSERT INTO `HyperPlanning`.`rooms_session` (`id_SessionRS`, `id_RoomRS`) VALUES ('0025', 'AMPHI1');
INSERT INTO `HyperPlanning`.`rooms_session` (`id_SessionRS`, `id_RoomRS`) VALUES ('0026', 'LAB1');
INSERT INTO `HyperPlanning`.`rooms_session` (`id_SessionRS`, `id_RoomRS`) VALUES ('0027', 'LAB1');
INSERT INTO `HyperPlanning`.`rooms_session` (`id_SessionRS`, `id_RoomRS`) VALUES ('0028', 'LAB1');
INSERT INTO `HyperPlanning`.`rooms_session` (`id_SessionRS`, `id_RoomRS`) VALUES ('0029', 'LAB1');
INSERT INTO `HyperPlanning`.`rooms_session` (`id_SessionRS`, `id_RoomRS`) VALUES ('0030', 'LAB1');
INSERT INTO `HyperPlanning`.`rooms_session` (`id_SessionRS`, `id_RoomRS`) VALUES ('0031', 'LAB1');
INSERT INTO `HyperPlanning`.`rooms_session` (`id_SessionRS`, `id_RoomRS`) VALUES ('0032', 'LAB1');
INSERT INTO `HyperPlanning`.`rooms_session` (`id_SessionRS`, `id_RoomRS`) VALUES ('0033', 'AMPHI1');
INSERT INTO `HyperPlanning`.`rooms_session` (`id_SessionRS`, `id_RoomRS`) VALUES ('0034', 'AMPHI1');
INSERT INTO `HyperPlanning`.`rooms_session` (`id_SessionRS`, `id_RoomRS`) VALUES ('0035', 'AMPHI1');
INSERT INTO `HyperPlanning`.`rooms_session` (`id_SessionRS`, `id_RoomRS`) VALUES ('0036', 'AMPHI1');
INSERT INTO `HyperPlanning`.`rooms_session` (`id_SessionRS`, `id_RoomRS`) VALUES ('0037', 'AMPHI1');
INSERT INTO `HyperPlanning`.`rooms_session` (`id_SessionRS`, `id_RoomRS`) VALUES ('0038', 'AMPHI1');
INSERT INTO `HyperPlanning`.`rooms_session` (`id_SessionRS`, `id_RoomRS`) VALUES ('0039', 'AMPHI1');
INSERT INTO `HyperPlanning`.`rooms_session` (`id_SessionRS`, `id_RoomRS`) VALUES ('0040', 'AMPHI1');
INSERT INTO `HyperPlanning`.`rooms_session` (`id_SessionRS`, `id_RoomRS`) VALUES ('0041', 'AMPHI1');
INSERT INTO `HyperPlanning`.`rooms_session` (`id_SessionRS`, `id_RoomRS`) VALUES ('0042', 'AMPHI1');
INSERT INTO `HyperPlanning`.`rooms_session` (`id_SessionRS`, `id_RoomRS`) VALUES ('0043', 'LAB1');
INSERT INTO `HyperPlanning`.`rooms_session` (`id_SessionRS`, `id_RoomRS`) VALUES ('0044', 'LAB1');
INSERT INTO `HyperPlanning`.`rooms_session` (`id_SessionRS`, `id_RoomRS`) VALUES ('0045', 'LAB1');
INSERT INTO `HyperPlanning`.`rooms_session` (`id_SessionRS`, `id_RoomRS`) VALUES ('0046', 'LAB1');
INSERT INTO `HyperPlanning`.`rooms_session` (`id_SessionRS`, `id_RoomRS`) VALUES ('0047', 'AMPHI1');
INSERT INTO `HyperPlanning`.`rooms_session` (`id_SessionRS`, `id_RoomRS`) VALUES ('0048', 'AMPHI1');
INSERT INTO `HyperPlanning`.`rooms_session` (`id_SessionRS`, `id_RoomRS`) VALUES ('0049', 'AMPHI1');
INSERT INTO `HyperPlanning`.`rooms_session` (`id_SessionRS`, `id_RoomRS`) VALUES ('0050', 'LAB1');
INSERT INTO `HyperPlanning`.`rooms_session` (`id_SessionRS`, `id_RoomRS`) VALUES ('0051', 'LAB1');
INSERT INTO `HyperPlanning`.`rooms_session` (`id_SessionRS`, `id_RoomRS`) VALUES ('0052', 'LAB1');
INSERT INTO `HyperPlanning`.`rooms_session` (`id_SessionRS`, `id_RoomRS`) VALUES ('0053', 'LAB1');
INSERT INTO `HyperPlanning`.`rooms_session` (`id_SessionRS`, `id_RoomRS`) VALUES ('0054', 'LAB1');
INSERT INTO `HyperPlanning`.`rooms_session` (`id_SessionRS`, `id_RoomRS`) VALUES ('0055', 'LAB1');
INSERT INTO `HyperPlanning`.`rooms_session` (`id_SessionRS`, `id_RoomRS`) VALUES ('0056', 'LAB1');
INSERT INTO `HyperPlanning`.`rooms_session` (`id_SessionRS`, `id_RoomRS`) VALUES ('0057', 'LAB1');
INSERT INTO `HyperPlanning`.`rooms_session` (`id_SessionRS`, `id_RoomRS`) VALUES ('0058', 'LAB1');
INSERT INTO `HyperPlanning`.`rooms_session` (`id_SessionRS`, `id_RoomRS`) VALUES ('0059', 'LAB1');
INSERT INTO `HyperPlanning`.`rooms_session` (`id_SessionRS`, `id_RoomRS`) VALUES ('0060', 'AMPHI1');
INSERT INTO `HyperPlanning`.`rooms_session` (`id_SessionRS`, `id_RoomRS`) VALUES ('0061', 'AMPHI1');
INSERT INTO `HyperPlanning`.`rooms_session` (`id_SessionRS`, `id_RoomRS`) VALUES ('0062', 'AMPHI1');
INSERT INTO `HyperPlanning`.`rooms_session` (`id_SessionRS`, `id_RoomRS`) VALUES ('0063', 'AMPHI1');
INSERT INTO `HyperPlanning`.`rooms_session` (`id_SessionRS`, `id_RoomRS`) VALUES ('0064', 'LAB1');
INSERT INTO `HyperPlanning`.`rooms_session` (`id_SessionRS`, `id_RoomRS`) VALUES ('0065', 'LAB1');
INSERT INTO `HyperPlanning`.`rooms_session` (`id_SessionRS`, `id_RoomRS`) VALUES ('0066', 'LAB1');
INSERT INTO `HyperPlanning`.`rooms_session` (`id_SessionRS`, `id_RoomRS`) VALUES ('0067', 'AMPHI1');
INSERT INTO `HyperPlanning`.`rooms_session` (`id_SessionRS`, `id_RoomRS`) VALUES ('0068', 'AMPHI1');
INSERT INTO `HyperPlanning`.`rooms_session` (`id_SessionRS`, `id_RoomRS`) VALUES ('0069', 'AMPHI1');
INSERT INTO `HyperPlanning`.`rooms_session` (`id_SessionRS`, `id_RoomRS`) VALUES ('0070', 'AMPHI1');
INSERT INTO `HyperPlanning`.`rooms_session` (`id_SessionRS`, `id_RoomRS`) VALUES ('0071', 'AMPHI1');
INSERT INTO `HyperPlanning`.`rooms_session` (`id_SessionRS`, `id_RoomRS`) VALUES ('0072', 'AMPHI1');
INSERT INTO `HyperPlanning`.`rooms_session` (`id_SessionRS`, `id_RoomRS`) VALUES ('0073', 'LAB1');
INSERT INTO `HyperPlanning`.`rooms_session` (`id_SessionRS`, `id_RoomRS`) VALUES ('0074', 'AMPHI1');
INSERT INTO `HyperPlanning`.`rooms_session` (`id_SessionRS`, `id_RoomRS`) VALUES ('0075', 'LAB1');
INSERT INTO `HyperPlanning`.`rooms_session` (`id_SessionRS`, `id_RoomRS`) VALUES ('0076', 'AMPHI1');

COMMIT;

